{"cameraMode":{"drawMode":0,"name":"Shaded","section":"Shading Mode"},"sceneLighting":false,"audioPlay":false,"sceneViewState":{"showFog":true,"showMaterialUpdate":false,"showSkybox":true,"showFlares":true,"showImageEffects":true,"showParticleSystems":true},"in2DMode":false,"pivot":{"x":29.348949432373048,"y":-15.996879577636719,"z":-8.70904541015625},"rotation":{"x":-0.16465646028518678,"y":-0.7761141061782837,"z":0.22611799836158753,"w":-0.5651600956916809},"size":307.54486083984377,"orthographic":false}