{"cameraMode":{"drawMode":0,"name":"Shaded","section":"Shading Mode"},"sceneLighting":true,"audioPlay":false,"sceneViewState":{"showFog":true,"showMaterialUpdate":false,"showSkybox":true,"showFlares":true,"showImageEffects":true,"showParticleSystems":true},"in2DMode":false,"pivot":{"x":-23.12464141845703,"y":11.105621337890625,"z":8.272870063781739},"rotation":{"x":-0.3269232213497162,"y":-0.6290314793586731,"z":0.32988080382347109,"w":-0.6233934164047241},"size":65.08967590332031,"orthographic":false}