{"cameraMode":{"drawMode":0,"name":"Shaded","section":"Shading Mode"},"sceneLighting":false,"audioPlay":false,"sceneViewState":{"showFog":true,"showMaterialUpdate":false,"showSkybox":true,"showFlares":true,"showImageEffects":true,"showParticleSystems":true},"in2DMode":false,"pivot":{"x":21.969797134399415,"y":1.20908784866333,"z":-0.20666885375976563},"rotation":{"x":0.29624974727630618,"y":-0.24287661910057069,"z":0.07817476242780686,"w":0.9203997850418091},"size":5.8440985679626469,"orthographic":false}