{"cameraMode":{"drawMode":0,"name":"Shaded","section":"Shading Mode"},"sceneLighting":false,"audioPlay":false,"sceneViewState":{"showFog":true,"showMaterialUpdate":false,"showSkybox":true,"showFlares":true,"showImageEffects":true,"showParticleSystems":true},"in2DMode":false,"pivot":{"x":15.962581634521485,"y":-46.31827926635742,"z":60.41771697998047},"rotation":{"x":0.2701047360897064,"y":0.5647662281990051,"z":-0.20257790386676789,"w":0.7530237436294556},"size":36.016639709472659,"orthographic":false}