{"cameraMode":{"drawMode":0,"name":"Shaded","section":"Shading Mode"},"sceneLighting":false,"audioPlay":false,"sceneViewState":{"showFog":true,"showMaterialUpdate":false,"showSkybox":true,"showFlares":true,"showImageEffects":true,"showParticleSystems":true},"in2DMode":false,"pivot":{"x":38.211849212646487,"y":5.225358963012695,"z":-14.612377166748047},"rotation":{"x":-0.09638989716768265,"y":-0.8056172728538513,"z":0.136630579829216,"w":-0.5683501958847046},"size":85.80963897705078,"orthographic":false}