{"cameraMode":{"drawMode":0,"name":"Shaded","section":"Shading Mode"},"sceneLighting":false,"audioPlay":false,"sceneViewState":{"showFog":true,"showMaterialUpdate":false,"showSkybox":true,"showFlares":true,"showImageEffects":true,"showParticleSystems":true},"in2DMode":false,"pivot":{"x":-9.618408203125,"y":1.277190923690796,"z":2.8871843814849855},"rotation":{"x":0.013691415078938008,"y":0.8893492221832275,"z":-0.02668849565088749,"w":0.4562436044216156},"size":2.3857884407043459,"orthographic":false}