{"cameraMode":{"drawMode":0,"name":"Shaded","section":"Shading Mode"},"sceneLighting":false,"audioPlay":false,"sceneViewState":{"showFog":true,"showMaterialUpdate":false,"showSkybox":true,"showFlares":true,"showImageEffects":true,"showParticleSystems":true},"in2DMode":false,"pivot":{"x":-8.167706489562989,"y":1.7067193984985352,"z":2.157792568206787},"rotation":{"x":-0.0078151049092412,"y":0.990007758140564,"z":-0.06096237152814865,"w":-0.12691442668437959},"size":2.985788345336914,"orthographic":false}