{"cameraMode":{"drawMode":0,"name":"Shaded","section":"Shading Mode"},"sceneLighting":false,"audioPlay":false,"sceneViewState":{"showFog":true,"showMaterialUpdate":false,"showSkybox":true,"showFlares":true,"showImageEffects":true,"showParticleSystems":true},"in2DMode":false,"pivot":{"x":56.64454650878906,"y":-44.400001525878909,"z":47.900001525878909},"rotation":{"x":-0.4010893702507019,"y":-0.5854272246360779,"z":0.40960177779197695,"w":-0.5732614398002625},"size":2.8578836917877199,"orthographic":false}