{"cameraMode":{"drawMode":0,"name":"Shaded","section":"Shading Mode"},"sceneLighting":false,"audioPlay":false,"sceneViewState":{"showFog":true,"showMaterialUpdate":false,"showSkybox":true,"showFlares":true,"showImageEffects":true,"showParticleSystems":true},"in2DMode":false,"pivot":{"x":3.0199999809265138,"y":-1.7280000448226929,"z":-3.7100000381469728},"rotation":{"x":0.48711028695106509,"y":0.5126093626022339,"z":-0.4880003035068512,"w":0.511674702167511},"size":0.2857881188392639,"orthographic":false}