{"cameraMode":{"drawMode":0,"name":"Shaded","section":"Shading Mode"},"sceneLighting":false,"audioPlay":false,"sceneViewState":{"showFog":true,"showMaterialUpdate":false,"showSkybox":true,"showFlares":true,"showImageEffects":true,"showParticleSystems":true},"in2DMode":false,"pivot":{"x":2.0408170223236086,"y":1.612370491027832,"z":27.017745971679689},"rotation":{"x":-0.2873784303665161,"y":-0.07833469659090042,"z":0.02358892746269703,"w":-0.954317033290863},"size":21.512765884399415,"orthographic":false}