{"cameraMode":{"drawMode":0,"name":"Shaded","section":"Shading Mode"},"sceneLighting":false,"audioPlay":false,"sceneViewState":{"showFog":true,"showMaterialUpdate":false,"showSkybox":true,"showFlares":true,"showImageEffects":true,"showParticleSystems":true},"in2DMode":false,"pivot":{"x":9.650993347167969,"y":0.877735435962677,"z":1.6133713722229005},"rotation":{"x":0.17690494656562806,"y":-0.7333500385284424,"z":0.20841793715953828,"w":0.6224663257598877},"size":1.8058885335922242,"orthographic":false}