{"cameraMode":{"drawMode":0,"name":"Shaded","section":"Shading Mode"},"sceneLighting":false,"audioPlay":false,"sceneViewState":{"showFog":true,"showMaterialUpdate":false,"showSkybox":true,"showFlares":true,"showImageEffects":true,"showParticleSystems":true},"in2DMode":false,"pivot":{"x":15.371599197387696,"y":-53.191444396972659,"z":53.65560531616211},"rotation":{"x":-0.20981134474277497,"y":-0.6895896196365356,"z":0.2201327234506607,"w":-0.6572571992874146},"size":56.36934280395508,"orthographic":false}