{"cameraMode":{"drawMode":0,"name":"Shaded","section":"Shading Mode"},"sceneLighting":false,"audioPlay":false,"sceneViewState":{"showFog":true,"showMaterialUpdate":false,"showSkybox":true,"showFlares":true,"showImageEffects":true,"showParticleSystems":true},"in2DMode":false,"pivot":{"x":-9.970000267028809,"y":1.4900000095367432,"z":5.199999809265137},"rotation":{"x":-0.20797501504421235,"y":0.6310057044029236,"z":-0.18097727000713349,"w":-0.7251383066177368},"size":7.859679698944092,"orthographic":false}