{"cameraMode":{"drawMode":0,"name":"Shaded","section":"Shading Mode"},"sceneLighting":false,"audioPlay":false,"sceneViewState":{"showFog":true,"showMaterialUpdate":false,"showSkybox":true,"showFlares":true,"showImageEffects":true,"showParticleSystems":true},"in2DMode":false,"pivot":{"x":13.226863861083985,"y":-50.218868255615237,"z":63.929359436035159},"rotation":{"x":0.23902755975723267,"y":-0.08870116621255875,"z":0.021932266652584077,"w":0.9667041897773743},"size":13.885529518127442,"orthographic":false}