{"cameraMode":{"drawMode":0,"name":"Shaded","section":"Shading Mode"},"sceneLighting":false,"audioPlay":false,"sceneViewState":{"showFog":true,"showMaterialUpdate":false,"showSkybox":true,"showFlares":true,"showImageEffects":true,"showParticleSystems":true},"in2DMode":false,"pivot":{"x":56.64454650878906,"y":-44.400001525878909,"z":47.900001525878909},"rotation":{"x":-0.23919366300106049,"y":-0.6870787143707275,"z":0.2586183547973633,"w":-0.6354728937149048},"size":2.8578836917877199,"orthographic":false}