{"cameraMode":{"drawMode":0,"name":"Shaded","section":"Shading Mode"},"sceneLighting":false,"audioPlay":false,"sceneViewState":{"showFog":true,"showMaterialUpdate":false,"showSkybox":true,"showFlares":true,"showImageEffects":true,"showParticleSystems":true},"in2DMode":false,"pivot":{"x":80.59352111816406,"y":-74.25611114501953,"z":40.72860336303711},"rotation":{"x":-0.3659243583679199,"y":-0.2620108425617218,"z":0.1081603616476059,"w":-0.8864260315895081},"size":115.33135986328125,"orthographic":false}